Mr.,lksjfklöas,asdfasd,2002-10-14,laskjfdkl@xn--ajksldjf-o4a.com,$2y$10$AG6hbrjilNqQTL.XvtmQgel6ErwsZz/ItreG7di7pA9TaJrcxoIIa,$2y$10$cZrSAum6F9Ck.U4xBDJ6UOPU2iU/CK4BJHhgG8m/Uy1KHQO/z9QOm,löasdjfö,aösldkfj,651651,Niederösterreich,056046540
,Test,Test,51050-12-15,lkjsk@klsdkljf.com,$2y$10$F84q5D2ZAMSDfFKmXWoyMOtLGH4VePURM3B.5pdSLz.0pkFShMPxK,$2y$10$tZS07./jK6.8CfzPf6gnfOGL4ZrVQ2JG4NhEhytav9m8QUOAEKAq.,lsjöafksjd,ksljdfökljasöf,5301,Niederösterreich,056046540
Mr.,Test,Test,2020-06-11,lkjsk@klsdkljf.com,$2y$10$RTT4n3jbPq6jNnif22fZFezo0HkO5AUeoF5nL1tcSOLCWtSIrzOta,$2y$10$qv776Tr.CisqYy6rreyPWuO1x43sJVKFWjTKMS7ogEBzqE4k6rkzy,lsjöafksjd,ksljdfökljasöf,5301,Niederösterreich,056046540
Mr.,Test,Test,2020-06-06,lkjsk@klsdkljf.com,$2y$10$RTAWDjwSPGIR4FDcuk/4S.j.jQecnpa/Yq9HMKRt2buHdSjfeyzv2,$2y$10$oqwPFpASGxutmEJk0hvWZe.p1gIH/fOlmOO3x280H4nHvvmpmh7sS,lsjöafksjd,ksljdfökljasöf,5301,Niederösterreich,056046540
Mr.,Test,Test,2020-06-08,lkjsk@klsdkljf.com,$2y$10$yUUj/G9UweEj4krWnmN0v.3QR0RjTLTiQYl1MOEzvIvFKgt83yvTm,$2y$10$l6EVAdjmDggo0Q6NyMa7vO/efLFgqTZSXPtw9Yk2l5JFyGR5zxOqS,lsjöafksjd,ksljdfökljasöf,5301,Niederösterreich,056046540
Mr.,Test,Test,2020-06-05,lkjsk@klsdkljf.com,$2y$10$uCkxgmUPUhzMd7Yx/iXe6eifdL.llQD3kb6dlcQuZFBFZes0Nn9NK,$2y$10$1b9zy5a5rWK1VP2EwHpVEOj8glSq0ks/rfbr8AWzWD8ayiJj2GxcG,lsjöafksjd,ksljdfökljasöf,5301,Niederösterreich,056046540
Mr.,Test,Test,2020-06-06,lkjsk@klsdkljf.com,$2y$10$jXRwiLYW8Meqwa/Q8FzGVu3R3pBSQVmTYBJeyYmEBtFZ20USGLixu,$2y$10$ysyoYnEWibcIAr8ioZBxcex1W9LEo8fe5/uWQtoMDUsS2AGtD6ipC,lsjöafksjd,ksljdfökljasöf,5301,Niederösterreich,056046540
Mr.,asdf,asdfasd,2020-06-06,laskjfdkl@xn--ajksldjf-o4a.com,$2y$10$EAIq1bVh7Jj6sh2iktoyYe3slpSgs0EBslCTdpzmTks9lytfX7yBq,$2y$10$ITn/tJ2Mk2WAJX06H0kevu8/1gFiR7TYbMXiyntt9Q7Em1NCvvXJG,löasdjfö,aösldkfj,651651,Niederösterreich,056046540
,Test,Test,2020-06-11,lkjsk@klsdkljf.com,$2y$10$fba/HEdWsTRb87aDYRXrjuRvz3SdMiB6tKC/x6JLyiodQANULAMtG,$2y$10$jR3YkBuVB5ZboGPqigi1oexa5nIsK79AC2AZikBVtbYyzCIKLTZgu,lsjöafksjd,ksljdfökljasöf,5301,Niederösterreich,056046540
Mr.,,,,,$2y$10$WSLAeVAUm3kyqL2p1tycpuCUfcLy.q5KHNymE8Qapw8NMQ5qZSdia,$2y$10$nOtAIvHBFl2NoazDdMNVXeBLTDbH98XJR0IGaTOemIdhiGVAvfNtS,,,,Burgenland,
,,,,,$2y$10$gHbbbTuQl4Ca7kZC.g84hO75PykACjbGQdECTiWFJ1UokKf/KW/32,$2y$10$sSx1wlreCsN71J6yHP7Uw.40SJivumeTViwf9fCYaSMbDYFI4jAp.,,,,Burgenland,
Mr.,,,,,$2y$10$xX9UBnXYFsgzpouZCV/x2e/rKXvPOaKqtbhUpdQpsrC83urmtdPoy,$2y$10$lUQqwiMBSAlvazhsKDhJA.hrG.OT5l.F6VXRERWn5LJl/p.eK.rNS,,,,Burgenland,
Mr.,,,,,$2y$10$NY7bkx3vahQhKkPq3lEJeu3Eqd.brrnneMufr0evAcRYfSfcs4WS2,$2y$10$pBtePJAvjzdoOG076b876Oa0HNfhbkXLhLQLLOQ9w2Mkz0uKvLDum,,,,Burgenland,
Mr.,,,,,$2y$10$S00pyDA6ZtWWO9kjXlIz1.NudhNi56cU.NvUikrkVNHmqtv4v/3c6,$2y$10$wMVmSvY0oMF4EUpwBSyeSuOGhEMiAd8tA98C3CMX5MXdw7KPmVrn2,,,,Burgenland,
Mr.,,,,,$2y$10$6H8Kzdcz2CwYDBxLjFO08eAtX2cGwyXgQZvV0/RIABttpLqt3Frk.,$2y$10$fF0yn1ePbQ1Mc6fk6hTMFuPtDop6im.K085TPRG7oJeOimLqUOHRe,,,,Burgenland,
Mr.,,,,,$2y$10$gLeeroS1x26.jul6P.C9JOQIeIoVhW8Y2UQz7Ri4DAepaRUYL/rIi,$2y$10$HMkWsIe3FRco/WgDtdaV/e1WAquVIl96cqkmPIZWfzqO8iAqWKU/a,,,,Burgenland,
Mr.,,,,,$2y$10$ItbDOpkXvDjWSmaI/jGl7uo0qWRsc9zVOM9vB1wxAvtJrX6XiFlX6,$2y$10$GZeooye9BnEkhqQ5t8jw2uB7zkPOPnPLblr2DavjDTzcr9RwG0iSS,,,,Burgenland,
Mr.,,,,,$2y$10$doNFroDOO9WuhPi4pib/Du/WY5CjWNHxOfofdMaQF0on6jHAnhL/W,$2y$10$MO78MXb81WnnoSHxniIJjO973rsmYYXZqS.hrm8oDEWagDIlp85qO,,,,Burgenland,
,,,,,$2y$10$aiwyHFD4GvZxvEx//If9TOHbGdjo1cCPyJAxTOMRv2b1oiAhoRGRi,$2y$10$yFS46WXM.cYVdaC1lO02HOoxWAwbgX7Mdwg3.V971U3DimgiIhLgS,,,,Burgenland,
Mr.,,,,,$2y$10$tpewlzwRJwD1EHlYq8q84O/exUwEZD8swzhopY2uGoBFnz4UqP0fe,$2y$10$2HW.SQq0979pZhAX/B5avOO.UK/pDSkDNWsCq4kK9rf81Mvh8Y0c6,,,,Burgenland,
Mr.,,,,,$2y$10$.a8YiiBsvoEGcCnu2UuMI.0Uowi2K3BzMAzchFfArTh2VOTl99TAK,$2y$10$6e9qffQARZCchfqt1p33cO7ta6MlG79vWted.WL5Dpvq7K3lMdX72,,,,Burgenland,
,,,,,$2y$10$TZkAg70PY0Agha/4H2623.wNEVUYubtfk.uIrny4RG02BQ65jtoee,$2y$10$AjB5TLyaYNNALwfvrD0iN.nDXodHrnDObKxRATjQdWWrgBNmxo.26,,,,Burgenland,
Mr.,,,,,$2y$10$cuBzuUcT6UJneErEV/OT4OfpOOINj1VEe6o8czsWY/hfFY7bv4Omq,$2y$10$544oVjoEPgw.6i4MQj4e/eZfZ5Zgi0H0venDkWsX1Hb1o5a8cvJt.,,,,Burgenland,
Mr.,,,,,$2y$10$z2aiw8qlSuaiI8SM9/a/U.HGRu2QEpHiO9HA4or5ZTr0JPN.OZAJO,$2y$10$vq0JDfZR9mKnHkhJr3D5jOmTqILhzm0K2fT3rznuqP49kJQPDM2O.,,,,Burgenland,
Mr.,,,,,$2y$10$5vbUN5K3WU9GD5fTOHlQUe6y.Nxd4gCG86gIPHVdJBv9ye8XHAL.i,$2y$10$4UxzysUEkX0M8lffUhb0R.ioc2pLKj3t2sY1R.XuUur5bex10XUSq,,,,Burgenland,
Mr.,,,,,$2y$10$bv8nMjhUy7yffLllmr1fbOEzW0iQTo63GGpu0bVl01p6y719H.wSK,$2y$10$e/K5PEzgye2/ZF5MySEzcuN9vJ08ojyPMLC3heELoYXuWi6G5f9oK,,,,Burgenland,
Mr.,Valentin,Adlgasser,2020-06-04,vali1410@gmx.at,$2y$10$.D6FpPTZ4YnIpcslFOfDL.lR4Wo95c5R2WCDmdcfAsLgfpBlI9MfK,$2y$10$USEsT2euLRbYh4xszEvq3.chN6il5viwwOEvofPPTsbrPUieSB0oK,,,,Burgenland,
